"Flight from the Bay to LA, â€œIâ€™m surprised at the lack of representation for the LA Dodgers, arenâ€™t all of you going to the City of Angels?â€ #BayArea #LosAngeles"
"â€œwhen i go to LA and to the angels game and propose to shohei ohtani on both kneesâ€ - kit

â€œexcept you donâ€™t put the ring on his fingerâ€ - juniper

â€œwhat size ring do you wear and he gives you his finger size and you say no..â€ - me

â€œwhat size cock ring you wearâ€ - kit"
Angels speak la mejor cancion del album lejos
jâ€™aime tellement analyser les musiques de Justin. Dâ€™ailleurs dans Angels speak il a tellement de choses quâ€™il rÃ©vÃ¨le. Certaines choses ont en rapport avec la chanson Ghost. ğŸ¦‹ğŸ’
creo que me gusta mucho el takeshi kaneshiro de verdad hoy me la pase pensando en Ã©l y escuchando el soundtrack de fallen angels https://t.co/ogrXj0VgHr
"#AlAire ğŸ™ï¸ El cuerpo lo sabe 
Con Juan Manuel Oria (@elpotenteorayon), esta semana aquÃ­ estÃ¡n las tres rolas, Â¿Por cuÃ¡l votas?
1âƒ£â€œEasy Come Easy Goâ€ de @Imaginedragons
2âƒ£â€œAngelsâ€ de @iamlp
3âƒ£â€œAre You Readyâ€ de @TheAllergiesUK
ESCÃšCHALO ahora por el 102.5 de FM ğŸ“» o por la web ğŸ’» https://t.co/BGNJrJx5NM"
"[8/10 4:13 p. m.] Nicolina ğŸ¤ğŸ’œ: Te dedico angels speak de justinğŸ¤ğŸ’œ

yo les puedo jurar que nico y yo tenemos expectativas tan altas sobre el amor quÃ© entre nosotras somos nuestras propias almas gemelas , en serio no puedo pedir mÃ¡s si la tengo ğŸ˜«ğŸ¤ğŸ’œ"
Ã¡ngels of death estÃ¡ muy interesante Ã³sea te deja con la intriga y todo jsjsjs
Prueba nÃºmero 4225 la educaciÃ³n y pepa Bueno o Ãngels Barcelo no cambian lo que piensa la gente https://t.co/akssPXEsZE
"Reus inaugura la plaÃ§a de M. Ã€ngels OllÃ© i lâ€™escultura de la venedora dâ€™anissos / El passeig de la Boca de la Mina acollirÃ  aquest dissabte a la tarda els dos actes dâ€™homenatge i reconeixement @reus_cat 
https://t.co/ZWQo8sQb6s"
"Je vous remets encore un morceau de Leprous, parce que voilÃ , c'est juste un super album Aphelion.
Et Einar Solberg est le beau-frÃ¨re d'un de mes artistes prÃ©fÃ©rÃ©, Ihsahn. Donc impossible qu'il fasse de la merde.

LEPROUS - Castaway Angels
https://t.co/wIBEthkMVH"
lo q es angels speak porfa ğŸ˜­ valiÃ³ cada segundo haber esperado sin escuchar la filtrada
La amamos a vale pero no digas teen angels en vano si no estÃ¡ jazmin https://t.co/QXQhpRYQG6
"As a long suffering Angels fan, Iâ€™m with our VP! Beat LA! https://t.co/uAzYHBBuMk"
"All my demons run wild
All my demons have your smile
In the city of angels, in the city of angels
Hope New York holds you
Hope it holds you like I do
While my demons stay faithful
In the city of angels.

La La Lost You- NIKI"
$CPSL $BFYW $ALPP $PLUG $CEI Up 0.30% on my main brokerage today ğŸ˜‚ It felt so much more fun than that. Couple big boys in the portfolio decided to lag down the sea of green everywhere. All good. See you Mondayâ€¦ Blue Angels in town then OFF TO THE GIANTS GAME.  BEAT LA BEAT LA!
amigas acÃ¡ esta la de angels speak https://t.co/abLWH24yXh
"Angels Speak de Justin Bieber dios mio que hermosa canciÃ³n, lloro cada vez que la escucho que ser tan especial ğŸ˜â¤ï¸"
"ï¼
#å¤§è°·ç¿”å¹³ ã‚‚ä¸»å½¹ğŸ‡¯ğŸ‡µâœ¨
ãƒ‰ã‚­ãƒ¥ãƒ¡ãƒ³ã‚¿ãƒªãƒ¼ã«ç™»å ´â€¼ï¸
ï¼¼

@FOXSports ãŒãƒ‰ã‚­ãƒ¥ãƒ¡ãƒ³ã‚¿ãƒªãƒ¼ç•ªçµ„ã®CMã‚’å…¬é–‹ğŸ“º
#MLB ã®MVPãƒ¬ãƒ¼ã‚¹ã‚’ç‰¹é›†ã—ã€å¤§è°·ç¿”å¹³ã‚‚å‡ºæ¼”ã—ã¾ã™ğŸ‘
ã‚‚ã¡ã‚ã‚“ã€æŠ•æ‰‹ã¨é‡æ‰‹ã§ç™»å ´ã™ã‚‹ã®ã¯å¤§è°·ã®ã¿ğŸ˜†

#WeBelieve

https://t.co/TS4ZljBAVT"
R â¦@TheHawksNest20â© fab students are going crazy â™¥ï¸ğŸ’› 14-7 &amp; almost half time. #WeBelieve â¦@football_athensâ© â¦@troy_athensâ© â¦@troyathenscheerâ© â¦@Athens_Bandsâ© https://t.co/6a2Qi60pZz
"TOUCHDOWN RED HAWKS!!! â™¥ï¸â€¼ï¸â¤ï¸

Athens: 14
Troy: 7
2:25 left in first half!

#WeBelieve #GoHawks #BeatTC https://t.co/orfWFvY2CH"
"13 YARD TOUCHDOWN RUN BY TREY VINCENT ğŸ˜ğŸ™ŒğŸ¼

Tied game with 11:52 in the first half. 

#WeBelieve #BeatTC https://t.co/9ptsVJIHpA"
"ANAHEIM ANGELS 35TH ANNIVERSARY ""DESERT CAMELS"" PINK BRIM 59FIFTY now available from SPORTSWORLD165

#newdrop #sportsworld165 #mlb #losangelesangels #angels #webelieve #anaheim #california #35th #anniversary #desert #camels #pink #brim

https://t.co/AEtiPgbzX6"
"#DyslexiaÂ 
#webelieveâ¤ï¸ https://t.co/z4ZapY4pr7"
That â€œBeverlyâ€ is always grossâ€¦..#Beverly #IfYouKnowYouKnow  #HITI #Angels #WeBelieve https://t.co/QVxFi40T1r
"UNDEFEATED X NE X MLB - LOS ANGELES ANGELS 59FIFTY now available from UNDEFEATED

#newdrop #undefeated #mlb #losangelesangels #angels #webelieve #anaheim #california #ne #losangeles #59fifty #hatcrawler #neweracap #fitted

https://t.co/RE1knZM47i"
"å¤§è°·ãŒãƒãƒ³ã‚¯ãƒ»ã‚¢ãƒ¼ãƒ­ãƒ³è³å€™è£œã€€ã‚¢ãƒ»ãƒªãƒ¼ã‚°ã®7äººã«é¸ã°ã‚Œã‚‹(å…±åŒé€šä¿¡)
#MLB #Angels #webelieve #vamosangels #ShoheiOhtani 
https://t.co/f9RZ08NekE"
"#WeBelieve 

SHOHEI OHTANI RC 2018 TOPPS HERITAGE HIGH NUMBER ACTION VARIATION ROOKIE SP 600

*in my grading stack* 

$180 shipped priority insured

@Hobby_Connect 
@HobbyConnector 
@sports_sell 

#pittbros https://t.co/c8IKubMzK4"
"Giant (38) CARD 2ND YEAR LOT SHOHEI OHTANI 2019 TOPPS  BOWMAN TOPPS CHROME 84 REFRACTOR BEST FRANCHISE FAVORITES REFRACTOR

$130 priority insured 

@Hobby_Connect 
@HobbyConnector
@sports_sell 

#pittbros
#WeBelieve https://t.co/v8vnNj4wun"
"Shohei is Back D-172
#shotime #shoheiohtani #å¤§è°·ç¿”å¹³
#angels #WeBelieve 
#ShoTimecountdown https://t.co/YtIo60Fdw6"
"How about some second year ohtani shiney?

SHOHEI OHTANI 2019 TOPPS CHROME ROOKIE CUP 

PRISM REFACTOR 1 $40
SAPPHIRE REFRACTOR 250 $80

Both? $110 insured priority 

Theyâ€™re both Iâ€™m by grading stack

@HobbyConnector 
@Hobby_Connect 
@sports_sell 

#pittbros
#WeBelieve https://t.co/xGXQRxbT3P"
"#showtime #WeBelieve #Angels 

(9) CARD 3RD YEAR LOT SHOHEI OHTANI 2020 TOPPS CHROME 85 REFRACTOR BOWMAN CHROME TOPPS 2030

$18 https://t.co/Dwhq4lq3m0"
"Contenders and Pretenders, and the Problem of Desperation-fueled Consolation Prizes 

Discussion: https://t.co/8aHJJBQRtC 

#Angels #AngelsWin #MLB #å¤§è°·ç¿”å¹³ #ShoheiOhtani #WeBelieve https://t.co/dX4Jf4ZXsn"
New post: Vote for Shohei for the 2021 Hank Aaron Award https://t.co/k89Ye9RVXW #WeBelieve
Now bring him back home ğŸ¤  #WeBelieve https://t.co/eyx6RhvgfP
Check out the newest episode of The Hot Corner - TTM Episode 39 https://t.co/5lGdSdVE0y via @YouTube #TTM #TTMSuccess #Hobby #Collect #Autograph #WeBelieve #RingTheBell
"Just a bad season, it's okay. We will bounce back stronger
#WeBelieve #MumbaiIndians https://t.co/tanzugZjnh"
"Our MHS Dance Team paid tribute to Jack, Evan, and Simon during a soccer game this week by dedicating their dance performance to them.

Students from Middleton High School came together to create this banner.

#WeBelieve https://t.co/awNVQbObv5"
"No matter what U are My Captain @ImRo45 â¤ï¸

And @mipaltan this is my Team ğŸ’™ğŸ’™ğŸ’™
#WeBelieve

#MumbaiIndians
#Mi | #Beast | #Master https://t.co/qL9mRmKJNF"
New post: Ohtani is Baseball Digest's Player of the Year https://t.co/PMOWgc8cLe #WeBelieve
"New post: [Ben Lindbergh, Ringer] Ten Stats That Sum Up Shohei Ohtani's Historic 2021 Season https://t.co/ZNfWlxaQ6f #WeBelieve"
#WeBelieve https://t.co/ZwAB6W6LXD
"#HoustonAstros y #TampaBayRays ganaron el 1er juego de su serie y hoy juegan el segundo. La Liga Nacional inicia hoy su serie divisional. Â¿QuiÃ©n es tu favorito en los playoffs de la #MLBâš¾ï¸? 
#WhiteSox #WeBelieve #DirtyWater #RaysUp #BattleATL #ThisIsMyCrew #Dodgers #ResilientSF https://t.co/2hjqVxGky3"
"Next Up: FRI 10/7 12pm PST #TheSoCalSupremeSportsShow with @TeranRodriguez1
#NFL #RamsHouse #BoltUp
#MLB #Dodgers #HungryForMore #WeBelieve #MLS #LAFCÂ #LAGalaxy #ElTrafico #NCAAF #USC #UCLA #SDSU #MDvsBosco
@SoCalShowIESR
https://t.co/EUkYPkIE4L https://t.co/iLkKPVrvhl"
"Mumbai Indians to everyone:-
Tumhari selection se jada mere playoffs mein na jaane ke charche hai.
#MumbaiIndians #RohitSharma 
#IPL2021 #MIvsSRH 
#WeBelieve"
On our way to @DonAshGAA ahead of a massive weekend. Good luck to ALL our teams. Get behind YOUR club. We are live from 8pm BUT nothing beats being there #Webelieve https://t.co/dgljdbnLfR
#WEBELIEVE https://t.co/aFuTf6bagX
Let's do this #Mi we Believe ğŸ’™ #WeBelieve #MumbaiIndians https://t.co/rpd7wB2r8T
"Mumbai indians Proved.... What they can Do.... #meninblue #WeBelieve
#MI #MumbaiIndians #MIvSRH #SuryakumarYadav #ishankishan #ishan #RohitSharma"
"We have a voice, lets start using it!!! #WeBelieveâœŠğŸ’—: we all have individual dreams we follow, lets follow our worldly dream!ğŸ¥°ğŸ’—ğŸ’— https://t.co/m7MjE4kyuG"
CONGRATS TO @dcctennis ON EARNING A TRIP TO STATES!!   Very proud of the Shamrock tennis family!!!  #CCpride #TheMountain #WeBelieve https://t.co/kDaHVAMJrq
"ANAHEIM ANGELS ALL STAR GAME 2010 GRAPHITE RED EDITION 59FIFTY now available from TOPPERZSTORE

#newdrop #topperzstore #austria #internationalshippingrates #mlb #losangelesangels #angels #webelieve #anaheim #california #allstargame

https://t.co/0uuhxDUOyy"
"#MIvsSRH !! Ho skta hai âœŒï¸ go mi go âœŒï¸ğŸ”¥ğŸ”¥ğŸ”¥ğŸ”¥ğŸ”¥ğŸ”¥â£ï¸
#WeBelieve â£ï¸â£ï¸â£ï¸"
"#MumbaiIndians
#Onefamily
#Paltans
#MI
#Webelieve 
#RohitSharma https://t.co/uHAVY1LN7w"
"Many teams will come and go but @mipaltan will be the only true love of mine... ğŸ’™

#WeBelieve"
ma credo che questa sia una delle migliori se non LA miglior canzone delle telenovelas insieme a Resiste dei Teen Angels https://t.co/3nfZ1kqkUF
The City of Angels: Sheriff Villanueva Says He Wonâ€™t Enforce the Vax Mandate for Deputies https://t.co/qRaY48BLhz via @LAmag #LA #California https://t.co/M4yhtf4ceX
la voz de justin en esa canciÃ³n ğŸ˜­ realmente angels speak like this
"SIEMPRE EXTRAÃ‘ANDO A LOS TEEN ANGELS
JAMAS SOLTANDOLOS
LA HISTORIA DE MI VIDAâ¤ï¸âœ¨ https://t.co/xTZkhMBXpm"
"#UnDÃ­aComoHoy, pero de hace 4 aÃ±os, se anunciÃ³ la primera ediciÃ³n del festival mÃ¡s hermoso, el @HipnosisMX; con un cartel encabezado por Black Rebel Motorcycle Club (@BRMCofficial); The Black Angels (@theblackangels) y #TySegall. https://t.co/82Fbpp3hil"
e comunque angels speak rimane la superiore tra le tre ğŸ‘ğŸ¼âœ¨
"2.000 persones s'han concentrat la nit de divendres a la plaÃ§a dels Ã€ngels per fer botellades

https://t.co/u06e0JKBlY"
"El paisatge vegetal Ã©s patrimoni de tothom, lâ€™hem de conservar per fruir-ne, nosaltres i els que ens seguiran, els quals, no ho oblidem, un dia ens jutjaran i ho escriuran als llibres de la nostra histÃ²ria.
Maria Ã€ngels Cardona i Florit https://t.co/0tJX3xdjmR"
"A veure si els haters que li han donat tant de bombo a la noticia del NaciÃ³, li donen a aquesta versiÃ³...
Ara resulta que Ã€ngels MartÃ­nez, Blanca Serra, Jaume Sastre o Josep Guia sÃ³n ""Convers""?
Si ERC o CUP nomÃ©s presenta 2 ... Ã©s per decisiÃ³ prÃ²pia.

https://t.co/XQndJe5uvP"
"ğŸ’¥#TomaNota El 1âƒ£9âƒ£Octubre puedes conectar con el #ecosistema #emprendimiento  de la Costa del Sol &amp; global en 2âƒ£ eventosğŸš€:

ã€½ï¸Marbella Ecosystem MeetUp&amp;Demo Day 
ğŸ”œhttps://t.co/SdqXz4TqbC Inscrip ğŸ—“ï¸8.10

ã€½ï¸ World Business Angels Investment Week-SPAINğŸ”œhttps://t.co/bRCKq6AO1v https://t.co/oiY3mvHcRw"
"Â¡Hoy es la segunda semifinal del Scenio Teams! Tendremos a @SdeStendhal y Diego contra @QuantumFracture y @Weepin_Angels. La batalla definitiva de los Crespos. Â¿GanarÃ¡ el equipo naranja o el azul?

Lo sabremos a las 21h CEST en https://t.co/BAkIGKV5A8 https://t.co/prTiA74VhN"
Never be me y angels like you son las canciones de mi vida la verdad
"Ehi Christmas Angels, pronti  ad inseguire i Grinch che infestano la cittÃ ? Acchiappa il Grinch Ã¨ un gioco per bambini e ragazzi o un team building per adulti e colleghi. Parola d'ordine, divertimento! Non permettete ai Grinch di rubare il Natale! info@lakeslovers.net
#Natale'21 https://t.co/W3N2yjobzs"
"Retrouvez ""Angels"" dans la playlist Pop Rock Shot sur Spotify

https://t.co/T36UsFwgx9

@iamlp @spotifyfrance @PiasFrance https://t.co/cA4FafHTYD"
"En la historia principal (Galas) estÃ¡n ya mÃ¡s q saturads como pa ponerse a meter Agito jugables (entre yo quÃ© sÃ©, Nedrick, Gatov, Sheila, quizÃ¡ otros como Origa, Gala Ilia, Valyx, quiÃ©n sabe si alguien mÃ¡s tipo Beren, etc; y de dragones los Beast Agito, quizÃ¡ hasta Reborn Angels)"
"Ahir a la Nit es va celebrar la Gala del #ComerÃ§ de #Granollers on la nostre Vicepresidenta Ã€ngels Subirachs Aguilar va entregar un dels Premis Porxada en nom de @PIMEComerc. Una Nit emotiva , mes desprÃ©s del COVID. Felicitats als premiats i a tots els comerciants de la ciutat. https://t.co/oiC1pTROu9"
"Turno ahora de Alemania y para no bajar el ritmo del programa de hoy, os traemos temazo de la girlband No Angels que representÃ³ a la RepÃºblica en 2008. Esto es ""ğ— ğ—®ğ—± ğ—ªğ—¶ğ—¹ğ—±"" !. 
ğŸ”—https://t.co/vTtAt9vQvE

#Eurovision Â· #GermanyğŸ‡©ğŸ‡ª
#ESCPlay2x40ğŸ™ https://t.co/P2O1qlnovX"
"Una nit mÃ©s d'insomni al Raval, botellot a la PlaÃ§a dels Ã€ngels, mÃ©s de 2000 persones, ja de matinada, el de costums pijats, vÃ²mits, baralles i destrosses a mobiliari urbÃ  i alguns vehicles de veÃ¯ns.
@jrabassa @joanignasielena @Albert_Batlle_B @Bcn_CiutatVella"
"Dissabte fred d'octubre avui a #Girona, on reforcem el projecte de la @JNCatalunya a terres gironines escollint l'@OriolVilaC nou coordinador a l'Assemblea Territorial de @JNC_CGironines, acompanyats de la Maria Ã€ngels Planas, presidenta de Vegueria @JuntsGirona #EnActeDeServei https://t.co/HfFvJTG4uv"
"Ahir va traspassar la nostra companya de @DemocratesCAT Ã€ngels Segura. Fundadora el 1979 d'UniÃ³ DemocrÃ tica i de CiU a #Sitges ; pionera de la democrÃ cia, i persistent amb els seus ideals catalanistes. Ens deixa un enorme llegat que volem preservar. ACS https://t.co/8MZawKhzbU"
"#volleyball ğŸ Battues la semaine derniÃ¨re par Mulhouse en Supercoupe, les @BeziersAngels retrouvent dÃ©jÃ  les championnes de France en titre, ce samedi, en @LNVofficiel. https://t.co/TUkyGBvb4V"
"Amigo @angels_9 , al bichillo se le ha fracturado un pequeÃ±o hueso al lado del suspensor..se encuentra ya en la playa de Laredo para encarar una larga recuperaciÃ³n. No sÃ© si volverÃ¡, pero intuyo que este descanso forzado le podrÃ­a incluso reforzar de cara a una futura vuelta.."
"""Hay mucho vendehumos, la mayorÃ­a de las startups no tienen nada de innovaciÃ³n. Pero se mueven en el cÃ­rculo de las aceleradoras y los business angels, en un ambiente endogÃ¡mico. Y las startups de verdad no queremos formar parte de ese juego, no tenemos tiempo para estas cosas"""
"âš¡ï¸ã€Œé’å°‘å¹´ãŒã€Œå¥½ããªã‚¹ãƒãƒ¼ãƒ„é¸æ‰‹ã€ãƒ©ãƒ³ã‚­ãƒ³ã‚°ã€€2ä½ã¯ç¾½ç”Ÿçµå¼¦ã€1ä½ã¯ï¼Ÿã€ï¼ˆä½œæˆè€…: @itm_businessã•ã‚“ï¼‰ #MLB #Angels #webelieve #vamosangels #ShoheiOhtani 

https://t.co/LTsSp730vT"
Another great tune-up for the @mhsaa State Tourney beginning next week.  The Shamrocks are coming off of a big win at Fenton!!  #CCpride #WeBelieve https://t.co/3SxCepjSzc
"ğŸ‡ºğŸ‡¸ã‚¢ãƒ¡ãƒªã‚«ãŒç†±ç‹‚ã—ãŸäºŒåˆ€æµâš¾ï¸
ã€Œä¸–ç•Œã§æœ€ã‚‚å½±éŸ¿åŠ›ã®ã‚ã‚‹ï¼‘ï¼ï¼äººã€
ã‚·ãƒ¼ã‚ºãƒ³ä¸­ã¯å¿œæ´ã«å¤¢ä¸­ã€ä¸–ç´€ã®è¨˜éŒ²ã«æº€æ‚¦ã€ãã£ã¨MVPã‚‚é–“é•ã„ãªã„ï¼#MLB #webelieve #SHOWTIME #protean #ãƒ—ãƒ­ãƒ†ã‚£ã‚¢ãƒ³
#ShoheiOhtani rewrote baseball history in 2021 while being featured in N... https://t.co/OqjW5iikZC"
#WeBelieve #ğŸ†ğŸ†ğŸ†ğŸ†ğŸ†ğŸ† let the even alternative year begunğŸ˜‚ #MIPaltan #MumbaiIndians #IPL2022 https://t.co/pdTcsT3Wyd
"ã€å¤§è°·ç¿”å¹³é¸æ‰‹ã€‘ã©ã†ã‚‚ä¸€å¹³ã•ã‚“ã®ãƒã‚¹ã‚¯ãŒæ°—ã«ãªã‚‹ã‚ˆã†ã§ã™  Shohei OhtaniÂ  Angels https://t.co/ckQ5zgADy2 @YouTubeã‚ˆã‚Š
#å¤§è°·ãƒ­ã‚¹ #å¤§è°·ç¿”å¹³ #ShoheiOtani #Angels #WeBelieve"
"âš¡ï¸ã€Œé’å°‘å¹´ãŒã€Œå¥½ããªã‚¹ãƒãƒ¼ãƒ„é¸æ‰‹ã€ãƒ©ãƒ³ã‚­ãƒ³ã‚°ã€€2ä½ã¯ç¾½ç”Ÿçµå¼¦ã€1ä½ã¯ï¼Ÿã€ï¼ˆä½œæˆè€…: @itm_businessã•ã‚“ï¼‰ #Angels #WeBelieve #vamosAngels #ShoheiOhtani 
https://t.co/mHQGbOgZ9Q"
"Thatâ€™s the end of an era on the track at Troy Athens HS. 

Seniors, we love you. Thanks for an amazing four years on the sideline. â™¥ï¸â™¥ï¸

#GoHawks #WeBelieve 

Final 21-20. Colts take the city title. https://t.co/K7GpqNfrCH"
"#AdellFriday @NCIBPodcast @JaredMay76 @GeorgeFalkowski @Starting9 @Shoheis_bb 

#WEBELIEVE #THEHALOWAY 
#TEAMUSA #USABASEBALL #FORGLORY https://t.co/d9lRCeDcMf"
"20-14â€¦game is getting HOT! ğŸ”¥ 

Athens: 20
Troy: 14

#WeBelieve #GoHawks #BeatTC https://t.co/FofWMn47G4"
"HAWKS IN THE LEAD!

20-7

#webelieve https://t.co/9b4ceJlvkI"
"ï¼
#å¤§è°·ç¿”å¹³ ã‚‚ä¸»å½¹ğŸ‡¯ğŸ‡µâœ¨
ãƒ‰ã‚­ãƒ¥ãƒ¡ãƒ³ã‚¿ãƒªãƒ¼ã«ç™»å ´â€¼ï¸
ï¼¼

@FOXSports ãŒãƒ‰ã‚­ãƒ¥ãƒ¡ãƒ³ã‚¿ãƒªãƒ¼ç•ªçµ„ã®CMã‚’å…¬é–‹ğŸ“º
#MLB ã®MVPãƒ¬ãƒ¼ã‚¹ã‚’ç‰¹é›†ã—ã€å¤§è°·ç¿”å¹³ã‚‚å‡ºæ¼”ã—ã¾ã™ğŸ‘
ã‚‚ã¡ã‚ã‚“ã€æŠ•æ‰‹ã¨é‡æ‰‹ã§ç™»å ´ã™ã‚‹ã®ã¯å¤§è°·ã®ã¿ğŸ˜†

#WeBelieve

https://t.co/TS4ZljBAVT"
R â¦@TheHawksNest20â© fab students are going crazy â™¥ï¸ğŸ’› 14-7 &amp; almost half time. #WeBelieve â¦@football_athensâ© â¦@troy_athensâ© â¦@troyathenscheerâ© â¦@Athens_Bandsâ© https://t.co/6a2Qi60pZz
"TOUCHDOWN RED HAWKS!!! â™¥ï¸â€¼ï¸â¤ï¸

Athens: 14
Troy: 7
2:25 left in first half!

#WeBelieve #GoHawks #BeatTC https://t.co/orfWFvY2CH"
"13 YARD TOUCHDOWN RUN BY TREY VINCENT ğŸ˜ğŸ™ŒğŸ¼

Tied game with 11:52 in the first half. 

#WeBelieve #BeatTC https://t.co/9ptsVJIHpA"
"ANAHEIM ANGELS 35TH ANNIVERSARY ""DESERT CAMELS"" PINK BRIM 59FIFTY now available from SPORTSWORLD165

#newdrop #sportsworld165 #mlb #losangelesangels #angels #webelieve #anaheim #california #35th #anniversary #desert #camels #pink #brim

https://t.co/AEtiPgbzX6"
"#DyslexiaÂ 
#webelieveâ¤ï¸ https://t.co/z4ZapY4pr7"
That â€œBeverlyâ€ is always grossâ€¦..#Beverly #IfYouKnowYouKnow  #HITI #Angels #WeBelieve https://t.co/QVxFi40T1r
"UNDEFEATED X NE X MLB - LOS ANGELES ANGELS 59FIFTY now available from UNDEFEATED

#newdrop #undefeated #mlb #losangelesangels #angels #webelieve #anaheim #california #ne #losangeles #59fifty #hatcrawler #neweracap #fitted

https://t.co/RE1knZM47i"
"å¤§è°·ãŒãƒãƒ³ã‚¯ãƒ»ã‚¢ãƒ¼ãƒ­ãƒ³è³å€™è£œã€€ã‚¢ãƒ»ãƒªãƒ¼ã‚°ã®7äººã«é¸ã°ã‚Œã‚‹(å…±åŒé€šä¿¡)
#MLB #Angels #webelieve #vamosangels #ShoheiOhtani 
https://t.co/f9RZ08NekE"
"#WeBelieve 

SHOHEI OHTANI RC 2018 TOPPS HERITAGE HIGH NUMBER ACTION VARIATION ROOKIE SP 600

*in my grading stack* 

$180 shipped priority insured

@Hobby_Connect 
@HobbyConnector 
@sports_sell 

#pittbros https://t.co/c8IKubMzK4"
"Giant (38) CARD 2ND YEAR LOT SHOHEI OHTANI 2019 TOPPS  BOWMAN TOPPS CHROME 84 REFRACTOR BEST FRANCHISE FAVORITES REFRACTOR

$130 priority insured 

@Hobby_Connect 
@HobbyConnector
@sports_sell 

#pittbros
#WeBelieve https://t.co/v8vnNj4wun"
"Shohei is Back D-172
#shotime #shoheiohtani #å¤§è°·ç¿”å¹³
#angels #WeBelieve 
#ShoTimecountdown https://t.co/YtIo60Fdw6"
"How about some second year ohtani shiney?

SHOHEI OHTANI 2019 TOPPS CHROME ROOKIE CUP 

PRISM REFACTOR 1 $40
SAPPHIRE REFRACTOR 250 $80

Both? $110 insured priority 

Theyâ€™re both Iâ€™m by grading stack

@HobbyConnector 
@Hobby_Connect 
@sports_sell 

#pittbros
#WeBelieve https://t.co/xGXQRxbT3P"
"#showtime #WeBelieve #Angels 

(9) CARD 3RD YEAR LOT SHOHEI OHTANI 2020 TOPPS CHROME 85 REFRACTOR BOWMAN CHROME TOPPS 2030

$18 https://t.co/Dwhq4lq3m0"
"Contenders and Pretenders, and the Problem of Desperation-fueled Consolation Prizes 

Discussion: https://t.co/8aHJJBQRtC 

#Angels #AngelsWin #MLB #å¤§è°·ç¿”å¹³ #ShoheiOhtani #WeBelieve https://t.co/dX4Jf4ZXsn"
New post: Vote for Shohei for the 2021 Hank Aaron Award https://t.co/k89Ye9RVXW #WeBelieve
