"Yesterday, I was told to wear shorts &amp; tennis shoes.. so my immediate thought was my fatass was about to be tortured in the Houston heatâ€¦ but instead I was surprised with an #Astros game. â˜ºï¸

Astros won &amp; I was fed well. ğŸ‘ŒğŸ»"
Y'all gonna make me say it...Yankees fans are just as obnoxious as Cowboys and astros fans https://t.co/tbBb5OOMAp
Itâ€™s sad cause the Astros the only good team in ya city lmfao https://t.co/wYsHGO2ji9
"#Deportes | El puertorriqueÃ±o bateÃ³ un doble de dos carreras durante un ataque de cinco anotaciones en la sÃ©ptima entrada, y Houston doblegÃ³ el viernes 9-4 a los Medias Blancas de Chicago. https://t.co/PuOWXMDs3C 

#Astros #CarlosCorrea #MediasBlancas #PlayOffs #ElNacionalRD"
I can see a Dodgers vs Astros World Series again
Astros fans are pigs https://t.co/45BnQRGRDG
"Send the prompt and I'll help you out

Wilder,Leo Messi,70s Show,pay that man,Correa,Altuve,Jon Gruden,Michelin,#BattleATL,Morton,Astros,Kimbrel,Crochet,Sexual Anarchy,Rowdy Tellez,Snit,Kopech,#Joctober,Engel,Houser,Leury,Kyle Tucker,Jim Kaat,La Russa,Graveman,Madrigal,KING TUCK https://t.co/E0bJ4vyZ3y"
Ya but not agianst a team as good as the Astros. Not to mention the playoffs and regular season are levels different. The whitesox inexperience in the playoffs is really showing with how they are handling their loses. https://t.co/lXwQapsIBo
"I'm glad the Sox don't play again until Sunday. I may get mad at the Sox but JFC some of the ""fans"" are just insufferable. I'm mad. I'm frustrated. I want them to win every game. I hate the Astros but they are a really good team and poor decisions were made today."
no creo en horÃ³scopo ni en los astros
Astros fans at their finest https://t.co/gIB44rYdda
"First win of the day thanks to the @astros 

#sportsbetting #machopickems #mlb"
The Astros need to be stopped
"Legit wondering where this White Sox love is from? They were in the worst division in MLB - 93 wins getting fat and happy off losers. 

Astros? Best division in MLB. Still won it. Still gon beat your sorry teamâ€™s ass."
"I donâ€™t usually obsess over this man, but goddamn he looked good today. ğŸ˜ğŸ¤¤ #ForTheH https://t.co/Hq3Rimi43w"
Friday night #BBQ. #FortheH https://t.co/lxTu7JruGM
"MLB: 10/8 ALDS Game 2 -2uâŒ

TB v BOS plays pendingâŒ›ï¸

Hou v CWS
(2-0): +3.79u
Recap on pageâ—ï¸

(0-2): -2u
ATL: (+136)âŒ1u
ATL TT: O 3(-104)âŒ1u

#FreePicks #fridayvibe #MLB #GTA6 #CashAppFriday #ALDS #MLBplayoffs #ForTheH #DirtyWater #RaysUp #ForTheA #ClawsUpMKE #Braves #Brewers https://t.co/uMGkfVIgK1"
Yep. WAY better. #ForTheH https://t.co/4xgYSOUk2r
"Van 2
Faltan 9
#fortheh"
Best team in baseball does it again #fortheH https://t.co/VySMxUm7YR
Haley Joel Osment needs to calm down. Nobody thought the White Sox had a chance. Just enjoy the Tex Mex and bbq while youâ€™re in town and then go back home so you can be murdered. #FortheH https://t.co/PWaBMGs0s4
THE ACCOUNTANT!!! #MyFavoritePlayer #ForTheH @KTuck30 https://t.co/9IOWS8KsFw
"Fallin behind and comin back

Defensive plays galore

Tuve makin his own #SCTopTen 

King Tuck droppin big hits

Carlos being Carlos

Maldy doin Machete tings

Yordan still tippin

The pen battlin and gettin it done

Everybody made a play today

Just a beautiful game

#ForTheH"
Ok boys we definitely gonna need to start cheating again after this white sox series because these Rays are no joke ğŸ˜‚ y'all know what to do boys #ForTheH #StillChamps
Good morning to @astros fans only!!! One more win!!! ğŸ”¥ğŸ”¥ğŸ™ŒğŸ»ğŸ™ŒğŸ»
"Yo no coincido mucho con esa frase que dice ""los astros inclinan, mas no determinan""... 
Los astros predeterminan, y uno puede en todo caso elegir quÃ© hacer con eso o vivirlo de la mejor manera.
No es astroexcusa, es simplemente reconocer que estamos hechos de estrellas."
Notice how @astros fans can only reply with personal attacks. They CANNOT defend their team or debate the statements I make. #LosingTheDebate #AstrosAreCheaters https://t.co/Rpsa4uVB3T
#Beisbol / Los equipos ganadores de la jornada del viernes en los Playoffs @astros @Brewers @RedSox @SFGiants @MLB / @LosAstros @CervecerosMKE @RedSoxBeisbol @SFGigantes https://t.co/1Xll1f3DJw
Astros and Giants would be the worst possibility ever https://t.co/OPNZ9SZNPu
"Recap of yesterday.
Astros go up 2-0 over the White Sox
Red Sox even up the series vs Tampa Bay
Milwaukee and San Francisco take a 1-0 lead. 

#ForTheH #ChangeTheGame #DirtyWater #RaysUp #ThisIsMyCrew #ForTheA #ResilientSF #Dodgers 
#MakeItMajor #Postseason"
"My sister @Es_Mely25 has finally joined the dark sideâ€¦ or Astros Twitter, I should say! Haha 
Give my sis a follow! ğŸ¤ ğŸ¤˜ğŸ¼ https://t.co/Y0hwjnvmnW"
"If â€œH-Town Standupâ€ was a person #ForTheH #Astros #Correa 
Photo Credit: @BigSargeSportz https://t.co/zCX44tbxBN"
If nobody got me @KTuck30 got me..ğŸ‘‘Tuck..@astros https://t.co/55fpBKTzHG
The way the Astros worked almost every at bat yesterday was amazing baseballâ€¦
Love @raford3 and @SteveSparks37 in October. https://t.co/ObkoP3pQtP
GOOD MORNING ğŸ—£@ASTROS https://t.co/kksaHhULpA
"The dude hasnâ€™t even had a chance to sign his first big contractâ€¦.and heâ€™s already 7th all time in postseason RBIâ€™s. 
If the Astros plan on spending any part of the next 10 years in the playoffs, you gotta pay this man! 
Mr. October 2.0? #ForTheH https://t.co/rqPdkhIEqT"
"#uncommitted 2022
@NHProspectsBC @Astros_Baseball @PBRNewEngland @prepbaseball @FlatgroundApp @PitchingNinja
@BUncommitted 
@rapsodo
@uncommittedbsb
@A1ZBaseball
@NE_Baseball
@BUSShowcase @PG_Uncommitted @PerfectGameUSA @Florida_PG https://t.co/ceFQE76uAx"
"Â¡Buenos dÃ­as a todos! Ayer se alinearon los astros y se lanzaron ni mÃ¡s ni menos que tres parches al espaÃ±ol de golpe, por eso vamos a hacer un hilo hablando de todos por si no os enterasteis en su momento.

Â¡Se agradecen RT aunque no sean vuestro rollo, que no os cuesta nada!"
"F the @astros and their fans for eternity.  Hey @whitesox, #ChangeTheGame and put these clowns DOWN. https://t.co/totD6k7sC8"
"Hey @astros: 

Any plans for away game watch parties?!? #ForTheH"
"Yo estaba haciendo la tarta de calabaza y al girarme he visto una seÃ±al... Creo que se han alineado los ""astros"" ğŸ™„ https://t.co/IjmNjfewXN"
"The Baseball Gods, always watching. @astros @HtownWheelhouse https://t.co/0M5a1x4vcb"
Thereâ€™s a new favorite to win the World Seriesâ€¦and itâ€™s the Houston Astros at +325 ğŸ†ğŸ‘€ #CaesarsSportsbook https://t.co/MSNslJSqzj
"Recap of yesterday.
Astros go up 2-0 over the White Sox
Red Sox even up the series vs Tampa Bay
Milwaukee and San Francisco take a 1-0 lead. 

#ForTheH #ChangeTheGame #DirtyWater #RaysUp #ThisIsMyCrew #ForTheA #ResilientSF #Dodgers 
#MakeItMajor #Postseason"
"What a slide by Altuve! 
Via ğŸ“¸ @MLB 
#ForTheH https://t.co/REl5KA8htv"
"If â€œH-Town Standupâ€ was a person #ForTheH #Astros #Correa 
Photo Credit: @BigSargeSportz https://t.co/zCX44tbxBN"
"The dude hasnâ€™t even had a chance to sign his first big contractâ€¦.and heâ€™s already 7th all time in postseason RBIâ€™s. 
If the Astros plan on spending any part of the next 10 years in the playoffs, you gotta pay this man! 
Mr. October 2.0? #ForTheH https://t.co/rqPdkhIEqT"
"Hey @astros: 

Any plans for away game watch parties?!? #ForTheH"
The Chanceyâ€™s getting Jacked in Unison! Love my wife! Almost 15 years. We are still grinding and she inspires me! Marriage is never perfect but itâ€™s what you shoes to work on that makes it worth while! #ForTheH https://t.co/TG432GiXPs
Good morning Chicago. You have guests ğŸš‚âš¾ï¸âš¾ï¸âš¾ï¸âš¾ï¸ğŸ’¥ #fortheh @astros  Do your thing guys!  #Postseason #Makeitmajor https://t.co/P6omQ8FNvE
Letâ€™s kick some sooner ass this morning and then kick some Chicago ass tonight. #HookEm ğŸ¤˜ğŸ½ #ForTheH https://t.co/uFOmqkMFXv
They are So Good Togetherâ€¦ I Literally Love Them Both.  HUGE Radio Broadcast Right Here!!! #ForTheH https://t.co/60p26E7vgQ
