"Narragansett breaks another touchdown run from 30+ yards -- 49-26 lead on Pilgrim, 6:53 lead. 

Mariners will lead D3 alone after closing this out."
"Narragansett busts a third down run for a score and recovers an ensuing onside kick. Mariners could salt this one away with another score. They hold a 42-26 lead on Pilgrim, 7:42 left."
"Also, we might consider tax incentives of some sort for essential workers for the next two years or something like that. Dockyard workers, mariners, nurses, delivery drivers, truckers, daycare workers, etc. We need them to be on the job. Better than a billboard, give 'em $$$"
Check out PSA 9 Mint 1989 Ken Griffey Jr. Seattle Mariners Star Rookie HOF #1 #SeattleMariners https://t.co/PQHks2CAlb via @eBay
"Mekhi Wilsonâ€™s emergence has taken an already strong Narragansett offense to another level. Second TD of the night, this one from 31 yards, puts the Mariners up 42-26 with 7:42 left"
Great catching up with my good friend @CoachBradley9 tonight. A lot of shared memories in #tennis and @MLB @RedSox @Mariners  Go @RaysBaseball https://t.co/BVJZUflFRg
Heartbreaking finish here at the LCLC as Luke Munroe scores for Truro with less than a second to go in the third to give the Bearcats a 4-3 win tonight.  We get right back on the horse tomorrow night as we head to Yarmouth to battle the Mariners
Mariners need a logo update
"ğŸˆAptos Mariners Vs Christopher Cougars
ğŸ“…Saturday, October 9 @ 2p.
ğŸ“CA - Gilroy, CA
ğŸ¥LvStream : https://t.co/RzKlnWkaPq

@AptosHigh @AptosAthletics @MennieCollin @Nick_Forbes12 @RioCruz831 @CHSCougarsCA @thechscougars https://t.co/qBT4FR8g8t"
I'm fired up after seeing this.  2022 is our year. https://t.co/emr1rMjWNY
We've teamed up with @mariners @seattlestorm @intentionalist_ so that you can #SpendLikeItMatters while supporting local Latinx-owned businesses! Use code LATINX2021 to get 20% off gift certificates from Latinx-owned small businesses. https://t.co/vyZRA5zwXZ
"Next year will be fun.  Mariners OF of Kelenic, Lewis and J-Rod.  Full season of Randy and Wander.  Gonna be fun."
"A little trickery gets Narragansett back to life after a rough third quarter. Peanut Chaloux halfback pass to Harry Lague for a 56-yard touchdown. Mariners up 35-26, early in the fourth"
Going on @WymanAndBob in a few minutes to talk #Mariners baseball. Should be fun. https://t.co/LwrEe4TVFx
"She is right, we should just skip to the world series and have a combined Jays/Mariners team play the NL team. https://t.co/i5iqmdj307"
"Mariners that often operate in a specific area will know pipelines well, especially commercial traffic where pilots are often used, but if youâ€™re in an area you donâ€™t know much about it would be really easy to drop and/or drag your anchor and not realize what you did."
Pilgrim cuts the Narragansett lead to 28-26 late third on this quarterback keeper. Mariners stop the tying 2-point attempt. https://t.co/m8tahHymgp
Mariners would have at least put up a fight. Rays in 3 https://t.co/lmUzF1a32Y
"âš¾ #MLB #Postseason #DatoGEB

@Whitesox nunca ha ganado una serie de Postemporada de MLB despuÃ©s de estar abajo 0-2:

1919  / 0-2 vs Reds
1993  / 0-2 vs Blue Jays
2000 / 0-2 vs Mariners
2008 / 0-2 vs Rays
2021  /   ?   vs Astros https://t.co/EYeQqSbQxL"
"Tough break for Narragansett as Tyler Poirier fumbled while reaching for the end zone. Pilgrim drives 75 yards the other way for a score. Two point try no good, Mariners up 28-26"
"Welcome aboard, fellow mariners. Colonel Bubbles will be here to guide through your entire travel.

Enjoy your voyage. https://t.co/XskkUmB4Gb"
"The @Mariners, who had given Lambert $500 before the primary, now say they're giving $1,000 to Lambert's opponent, Sarah Perry.
https://t.co/jsZVDWSYHe https://t.co/m4MObmW1Vh"
the mariners have more wins than the seahawks rn btw
.@ClaseJonatan has pop ğŸ’¥ #SeaUsRise https://t.co/xjYvIaFmHk
Remembering the 1995 ALDS: The Seattle Mariners and the New York Yankees. #PostseasonÂ  #SeaUsRise #FlashbackFriday  https://t.co/R6CMzB2H3R
I already miss @Mariners baseballâ€¦ğŸ˜ Haniger should be named @MLB 2021 Comeback Player of the Year. #SeaUsRise https://t.co/TqICm80qn1
.@M_Hanny17 capped off a remarkable comeback season with a great second half. #SeaUsRise https://t.co/nEKLYER88j
"Worlds greatest healer.

#nfl #Seahawks #SeaUsRise #healthcare 
#healer #apollo"
How many days til spring training @SamiOnTap? Iâ€™m ready to have fun baseball back on over this serious playoff stuff. #SeaUsRise #FUNdifferential https://t.co/sewDdLPpl3
Congrats to our 2021 DSL Award winners! #SeaUsRise
"https://t.co/XQwVsgOH9A 
Act now before itâ€™s to late 
#ClimateAction #ClimateEmergency #ClimateJustice #ClimateFriday #actnow #ExtinctionRebellion #CO2 #SeaUsRise #sea #flood #share https://t.co/jWy2yMycCh"
"Who would you put on a Seattle Mariners Mount Rushmore (Rainier)?

Players for the Mâ€™s, Pilots, and old minor league clubs like the Rainiers are all eligible

The results will be counted and revealed in a future article!

#BaseballRushmore #Seattle #Mariners @Mariners #SeaUsRise"
889 Mariners fans official attendance
"ğŸš¨ GAMEDAY ğŸš¨

We welcome our rivals  the @ljackshockey to the Fishtank. Tickets are available at the Mariners Centre box office.
â° 7:30 PM"
"57â€™ Corner for the Mariners as Sousa delivers a great ball to McAtee which results in a set piece for the Mariners

ğŸ”´ 0 - 0 ğŸ”µ

#GTFC"
"Sitting on the floor at my parents house. We had pizza, the entire family was roped into â€œRefuse to Loseâ€. Go Mariners! https://t.co/NAcY8XeGjB"
"49â€™ Sears receives the Marinersâ€™ first booking of the afternoon 

ğŸ”´ 0 - 0 ğŸ”µ

#GTFC"
ouvindo mariners apartment complex atÃ© o blue banisters sair.
"HT - ğŸ”´ 0 - 0 ğŸ”µ

The Mariners head in at the break on the road after an evenly contested first half 
CMON TOWN âš«ï¸âšªï¸ğŸ’ª"
"HT - ğŸ”´ 0 - 0 ğŸ”µ

The Mariners head in at the break on the road after an evenly contested first half 

#GTFC https://t.co/kZCOFAquYb"
The Mariners beat the Giants in the 2021 World Series 4-2
Seattle Mariners New Era All Brown Snickers Bar/Caramel Bottom With 2001 All-Star Game Patch On Side 59FIFTY Fitted Hat. #seatlle #Mariners #MLB https://t.co/GszdnMSH5w
Keeper Kyran Thievon just made a great finger-tip save for Toms River North. Mariners lead 1-0 still #njsoccer @mariner_maniacs
"39' | A dangerous chance for Grimsby. Lofthouse does well to unbalance Clifton at the back post to prevent a goal for the Mariners.

0-0 â™¦ï¸ #WOKGRI"
Ha! https://t.co/TPsSA82AoB
The 2021 Mariners were 51-32 in games decided by 1 or 2 runs (outscored opponents 334-310). That .614 pct was 3rd best in MLB. They were 11-28 in games decided by 5 or more runs. That .282 pct was 2nd worst. Outscored 289-154
"Happy birthday to Richmond @SpiderBaseball alum Brendan McGuigan! 

Brendan currently plays for Everett, a A+ level team in the Seattle Mariners system."
"âš¾
Chicago White Sox at Seattle Mariners /// 2019-09-15 /// SP: Nova I., Sheffield J. /// BWRI: 0.987"
"In 2008, the house that Ruth built was coming to a close in New York. The All Star Game was at the home of the @Yankees . For this season, the @Mariners representative was the great Ichiro Suzuki. He went 1 for 3 in the game. #SeaUsRise https://t.co/6ZcscXLnci"
Weâ€™ll get there again one day. So close to playoffs this year. Future bright for the @Mariners. #Believe #SeaUsRise https://t.co/nibtSAhv9Y
"31â€™ McAtee and Clifton combine to win the Mariners a corner

ğŸ”´ 0 - 0 ğŸ”µ

#GTFC"
"Steering his ship through the heavens
______________
#ship #shiplife #shipping #seafarer #seaman #mariners #sailor #sailing #maritime #marineinsight #merchantnavy #merchantmarine
ğŸ“· by @karthik_bbx97 https://t.co/bSjKDhImX7"
"Kyle Seager 
Seattle Mariners
2021 Gypsy Queen
Sepia 52/99
$5 pwe 
PayPal f/f or Venmo 

@Hobby_Connect @HobbyConnector @sports_sell https://t.co/tV9jGdn7m9"
Now starting a campaign to rename the Mariners to the Heartbreakers. https://t.co/q0UttNL7UX
"In 2008, the house that Ruth built was coming to a close in New York. The All Star Game was at the home of the @Yankees . For this season, the @Mariners representative was the great Ichiro Suzuki. He went 1 for 3 in the game. #SeaUsRise https://t.co/6ZcscXLnci"
Weâ€™ll get there again one day. So close to playoffs this year. Future bright for the @Mariners. #Believe #SeaUsRise https://t.co/nibtSAhv9Y
"Hey @MLB , why isn't #MitchHaniger a candidate for the 2021 Hank Aaron Award, dude had 39 homers &amp; 100 RBI too, and was a super major reason why the @Mariners were able to hang onto contention all the way to the end??? #SeaUsRise ğŸ¤˜â¤ï¸ğŸ¤˜âš¾ï¸ğŸ’¯"
"Let's stir the pot this morning with a #Mariners poll...

Does Seattle need a center fielder, full-time or otherwise, and is Abraham Toro better used in a utility role than as a regular infielder?
#SeaUsRise"
"Free Giveaway Alert! 
Unisex ski googles windproof UV 
Limited offer! 

#Giveaways #giveaway #GiveawayAlert #googles #iphone11 #FREE #skigoogles
#glasses #SeaUsRise #SEA #GAMEZONE #USA #uk #Amazon #AmazonPrime #AmazonDeals https://t.co/rsZrwpNqc4"
Brilliant season! ğŸ’ª #SeaUsRise https://t.co/S0v9cHkqoI
"Autumn, the season in which the rustling of leaves joins hands with the wind to play nature's most beautiful symphony. ğŸŒ²ğŸğŸŒ¾ğŸƒğŸ‚

West Azarbaijan Province, Iran 

#Iran 
#SaturdayKitchen 
#AyeshaAkram 
#SeaUsRise 
@season https://t.co/rOpSvuNWq1"
On this day Seattle erupted! The Double! What a moment in @Mariners history! #SeaUsRise https://t.co/2AbZgs1VOb
"Might see a longterm PSA submission in my futureâ€¦this kid is 17!!
#SeaUsRise #CardsOfTheDay https://t.co/VNGrDp0HIa"
Us thinking about the 2022 Seattle Mariners! #SeaUsRise https://t.co/nG9nQziLb6
"#EricFiliaFriday @NCIBPodcast @JaredMay76 @GeorgeFalkowski @Starting9 @SeattleBasebal2 @aidanjpen @SEASportDiaries @pnwsportsnut @WeRBaseball

#SEAUSRISE #TRUETOTHEBLUE 
#TEAMUSA  #USABASEBALL #FORGLORY https://t.co/qU8x8XaEDp"
"Clearly you've never heard @TheDaveSimsShow @heygoldy @AngieMentink @hyphen18 , Blow, Rick Rizzs, Dave Niehaus for God's Sake!
Really Ma'am I honestly feel sorry for you. The @Mariners are taking Fans and our People kill it!
#SeaUsRise https://t.co/3Zcn9s7Jv7"
"New giveaway! If you love Kyle Seager and Star Wars, then this bobble head is for you! Like this tweet, RT it, follow us, quote this tweet, do whatever! Weâ€™ll give it away next Friday! Good luck! #SeaUsRise https://t.co/rczTha2tUn"
#mariners Personally Iâ€™d love to see CC come over to us just for the perverse pleasure of seeing all the people who booed him suddenly flipping the narrative  &amp; calling him their fav player on the team. Short term memory rocks! ğŸ˜ #SeaUsRise #ForTheM ğŸ˜œ https://t.co/0dRcMjTJwh
#SeaUsRise in payroll pls
