"Look what I found on @eBay! https://t.co/gW6Onfsg23 via @eBay Nice Rookie Card of Hall Of Famer Kirby Puckett Minnesota Twins, 1985 Topps #536, 4  sharp looking corners, good color and  centering, NM+
I combine shipping on more than 1 card bought"
"UNDEFEATED X NE X MLB - MINNESOTA TWINS 59FIFTY now available from UNDEFEATED

#newdrop #undefeated #mlb #minnesotatwins #twins #mntwins #minneapolis #minnesota #ne #59fifty #hatcrawler #neweracap #fitted #hatgame #hatcollector

https://t.co/XMtTSKtSkj"
Who do YOU think is the most improved player on the 2021 Twins? https://t.co/zUzk781VfJ
"Kaat was inducted into the Minnesota Twins Hall of Fame in 2001.  

This is just weeks after former Twin and MLB Hall of Famer Jack Morris was suspended by the Detroit Tigers for racist remarks regarding Shohei Ohtani. https://t.co/PkMUEVR5ex"
"https://t.co/sqiwnfTdnT MLB: ""Cero retiro por el momento para Nelson Cruz"" https://t.co/Frursbb7wn"
this area was known as the mafia and for those of you who were unaware the head of the mafia was Donald Trump however it was Trevor Plouffe of the Minnesota twins who had no family to speak of and who had been Don Trump until he was kidnapped
"""The Minnesota Twins will have a little influence on the outcome of this game.""

Bro WHAT"
"A sus 41 a√±os de edad Nelson Cruz se ha mantenido productivo con su bate y se encuentra en medio de una postemporada que puede ser hist√≥rica para los Rays

#MLBxESPN ‚öæ
#PostemporadaESPN

https://t.co/B7XVUMKGMq"
Check out 1999 Fleer Tradition Minnesota Twins Ron Coomer Trading Card #MinnesotaTwins https://t.co/9Gj9B2YYWv via @eBay #MakeItMajor #MLB #MLBTheShow #TheHobby #worldseries #MLBPostseason #ALWildCard #NLWildCard
"Previously, the 1987 Minnesota Twins finished their year 85-77, beofre going on to defeat that year's St. Louis Cardinals in the World Series."
New Era 59Fifty Hat Club Minnesota Twins 7 1/4 Moon Rock Black Grey UV https://t.co/OfAijvpr2t eBay https://t.co/hOg3CtKENG
"Just a reminder that the 2021 Minnesota Twins took 3 of 4 in Houston with McCullers, Valdez, and Greinke on the mound this August."
Jorge Polanco was a beacon of light in a dark season for the Minnesota Twins. Read why we selected his as our Most Improved Player of the Year! https://t.co/zUzk781VfJ
"After 20 long months, the Capital Club returns to in-person meetings beginning on Wednesday, October 13th with two outstanding guest speakers.¬†Tom Kelly, manager of the 1991 World Series Champion Minnesota Twins, and legendary Twins 1st baseman Kent Hrbek‚Ä¶https://t.co/3tWcS55Zbl"
Check out  MITCH GARVER Minnesota Twins 2021 Topps Series Two Card 470 Baseball Card    https://t.co/msPyuwe9rT via @eBay
Check out  2021 Topps Series Two  Card 553 Minnesota Twins Team Baseball Card    https://t.co/fw9kk3LYp4 via @eBay
Check out Minnesota Twins 1987 Homer Hanky Sports Decor Vintage Memorabilia Star Tribune https://t.co/7WloBc5zav ‚Å¶@eBay‚Å© #sportsmemorabila #startribune #vintagefinds #ebayvintage
1987 Minnesota Twins(I have a ton of family in MN) I told everyone I was going to marry Kirby Puckettw when I grew up.  Honestly first basball games I ever remember watching at all. https://t.co/SbJgu793XQ
"NEW at Twins Daily: The offseason is upon us, who will the Twins deal this winter? 
‚úçÔ∏è: @tlschwerz https://t.co/BxUO0Nxq7K"
"The #MNTwins are likely going to deal major league assets this offseason.

So, who‚Äôs expendable? I dove in a @twinsdaily:

https://t.co/V2iD9UOv43 @IBWAA https://t.co/AiVXTA5bwK"
"ICYMI: The Twins made some adjustments to their coaching staff. How will this shake things up? 
https://t.co/oO3J2TYpT2"
"The Minnesota Twins won the first game of the 1991 ALCS series 5 to 4.  Jack Morris picked up the win, with Rick Aguilera picking up the save.

1991 ALCS, Game 1: Blue Jays @ Twins https://t.co/wlDHpbiPZ4 via @YouTube"
"On this Day in 1991 the ALCS series began between the  Minnesota Twins and the Toronto Blue Jays.  The Twins defeated the favored Blue Jays, winning the Series four games to one.  

https://t.co/uq06aqfDWW"
"Brayden Point is reportedly looking to swap skates for cleats next season, may sign a minor league contract with the Minnesota Twins."
Happy 54th birthday to Ex Twin J.T. Bruett! He appeared in 73 games ‚Äò92-93 with the Twins. He hit .250 (24-96). He would hit .320 with the @StPaulSaints in 1996. He played for the @GopherBaseball and is currently employed by the University of Minnesota. https://t.co/Irwjtr6MCn
"Jorge Alcala may be one of the most underrated players on the Twins roster. What are your thoughts on him?
‚úçÔ∏è: @J_D_Cameron https://t.co/97a4ZWiohU"
Many were shocked and disappointed when they heard that Edwar Colina would lo longer be a Minnesota Twin. Is it a good move by the front office? https://t.co/6HGp0zHjcy
Hey students! The Minnesota Twins have opened applications for their 2022 internship program! They are looking for interns for various different fields. This is an awesome opportunity with an MLB team!! Visit https://t.co/vPbKgvyUeW to apply! https://t.co/LiFKdkQgqR
"Happy birthday to Albany St @ASUGoldenRams alum Malik Barrington! 

Malik currently plays for Twins, a Rk level team in the Minnesota Twins system."
"There were plenty of Jorge Polanco skeptics headed into the 2021 season. He proved them wrong. 
‚úçÔ∏è: @seehafer_  https://t.co/zUzk781VfJ"
"screw u twins daily
https://t.co/0syfTF5YjC https://t.co/U3TJ90xzCg"
"screw u star tribune
https://t.co/wtSkPwlsWx"
Big shout out to all my Dominicans in Jersey City. Every Dominican Uncle has a machete and a baseball bat (all of them played A Ball with the Minnesota Twins in the 80s).
1961 - The original Washington Senators move to Minnesota and are re-christened the Twins. Taking their place in DC are a new Senators squad that only lasted a decade. (6/12) https://t.co/QvNjw0W5yn
"The Twins have quite a few rookies on their squad. How do they stack up in regard to long-term value?
‚úçÔ∏è: @NoDakTwinsFan https://t.co/I0okopH1yB"
Check out 1990 Bowman Baseball MLB Minnesota Twins Gary Gaetti  #MinnesotaTwins https://t.co/Jk7u1iw1l8 via @eBay
‚àÄ MLB World Series Signed Baseballs ‚Äì 1989 Oakland A‚Äôs and 1991 Minnesota Twins https://t.co/rT4N6X4U1s ‚öæüèàüèÄüèí‚öΩ #CollectingAll #Sportscards #Memorabilia https://t.co/EJSGoU9bZL
"Would you be okay if the Twins traded Mitch Garver to the Marlins?

https://t.co/Jy5TVfnwDX"
"That would be former #MNTwins OF LaMonte Wade Jr., another guy the Twins jettisoned who thrived in a different uniform. #MLB https://t.co/LgIsJW70al"
"Bob Costas's commentary immediately after Kent Hrbek homered off Jack Morris to give the #MNTwins a 6-2 lead: ""There's no way you can call the Twins a great ballclub...""

And immediately after the final out in Game 5: ""What an unlikely bunch of Champions we're looking at here."" https://t.co/EqE8aNnHDJ https://t.co/NL05d6EdCI"
"The Braves are pinch hitting Eddie Rosario in the ninth inning down a run with two men on with a dude who had a .567 OPS this year and a .656 career OPS.

#MNTwins"
"Rocco probably doesn‚Äôt let Charlie Morton pitch the seventh inning in the same scenario. And that‚Äôs the kind of thing #MNTwins fans criticize him for. But now Morton lets up two runs. At the end of the day, managerial decisions don‚Äôt matter. It‚Äôs all about player execution."
"A fun ‚Äúwhat if‚Äù as he mows down the Brewers in Game 1:

What if Charlie Morton signed with the #MNTwins last winter? He‚Äôs so good and seems to be getting better with age."
"In back to back seasons it seems #ForTheH will eliminate the AL Central.

#MNTwins in 2020
#WhiteSox in 2021"
"UNDEFEATED X NE X MLB - MINNESOTA TWINS 59FIFTY now available from UNDEFEATED

#newdrop #undefeated #mlb #minnesotatwins #twins #mntwins #minneapolis #minnesota #ne #59fifty #hatcrawler #neweracap #fitted #hatgame #hatcollector

https://t.co/XMtTSKtSkj"
"July 24, 2016.

Kennys Vargas sacrifice fly off Junichi Tazawa.

7th RBI of the season.

#MNTwins¬†lose 8-7. https://t.co/VF9CO0nYY1"
"Without thinking too much about it, I wonder who would have more trade value for the #MNTwins:

Brent Rooker or Miguel Sano"
Who are the #MNTwins moving this offseason? https://t.co/8r1b8xL0Wb
"This scares me as a #MNTwins fan, but yes, the #WhiteSox are going to be the cream of the crop and Minnesota will get passed up by the #Tigers soon too if they don‚Äôt right the ship. https://t.co/4jgUJpHwkc"
"The #MNTwins are in need of a starting SS for 2022.

Who would you rather have?"
One way to escape the #MNTwins Postseason history‚Ä¶leave em. https://t.co/OHnkcd7ukY
Let's take a look at the GMs in the AL Central. #WhiteSox #Indians #Tigers #Royals #MNTwins  https://t.co/QBvN2aINIa
The #WhiteSox doing their best #MNTwins impression in the post season.
#MNTwins   Sox 1st in Central now being bashed by Astros.  Proof that div is bad &amp; Twins HR numbers mean little. Trade Buxton for pitching or remain a team that can‚Äôt compete for pennant.
"Sam Dyson never let up a run in the playoffs for #MNTwins when they got him at the deadline.

Dyson &gt; Craig Kimbrel"
It‚Äôs Friday! Also known as a great day  for #MNTwins to sign Byron Buxton (@OfficialBuck103)
The least the Astros could do is give us one game so we can Lord it over the #MNTwins for another 17 years. #whitesox
"Feel like #MNTwins fans are pulled in two different directions with the NLDS.

Eddie Rosario for the #Braves and Eduardo Escobar for the #Brewers are both favorites."
"June 28, 2018.

Logan Morrison off Lucas Giolito.

9th is the season, 131st of career.

#MNTwins¬†win 2-1. https://t.co/GpWbsyhaJN"
The Baseball Daily is out! https://t.co/gS9oLMnDn4 #mlb #mntwins
"The #MNTwins outrighted six players, including Andrew Albers and Drew Maggi, off their 40-man roster Friday. https://t.co/gXF74mGzOt"
The #MNTwins 40-man roster is now down to 34 players (although another eight are on the 60-day IL).
This is not a great take from former #MNTwins pitcher Jim Kaat https://t.co/YtHbOpVkjp
"If you're going to cheer for a team in the #MLB playoffs based on it having a former #MNTwins player on the roster, you have eight teams to choose from. Yes, every team has at least one ex-Twin. @kchia80 has the list: https://t.co/MLXPQUN12e"
"So now Bert Byleven, Jack Morris, and Jim Kaat have all said regrettable things during live broadcasts. Go #mntwins."
"The #MNTwins have outrighted six players off their 40-man roster today:

RHPs Kyle Barraclough, Nick Vincent, Ian Gibaut and Luke Farrell, LHP Andrew Albers and INF Drew Maggi.

40-man roster stands at 34. (8 players still remain on the 60-day Injured List)"
"The #MNTwins are going to make trades, but who can they actually afford to move? https://t.co/HFD7ZUDEvw"
"Announcers just said that Carlos Correa is ""really into analytics,"" so now you know he's the leading candidate to be the #mntwins shortstop next season."
"#MNTwins trim 6 players from 40-man roster:
https://t.co/GhYLwIbpol https://t.co/dwCmparWVH"
"Is this just #mntwins fans?? Other fan bases don‚Äôt do this‚Ä¶*

*‚Ä¶I whisper in still-missing-Eduardo-Escobar https://t.co/oh8jMogsJl"
Congrats üåΩ Ben Gross and that nasty slider of yours #gross #MiLB @CRKernels #MNTwins @WindSurgeICT https://t.co/JsfIJfOjAl
"Blocked and Muted - Lions, NFL, Twins &amp; spending

@SouhanStrib breaks down the Vikings, Lions, Wild, Wolves, and Twins before asking sports economist @wagesofwins, a Lions fan, what's wrong with his franchise.

#MNTwins #skol #mnwild 

https://t.co/1gseVOTsL6"
"Blocked and Muted - Lions, NFL, Twins &amp; spending

@SouhanStrib breaks down the Vikings, Lions, Wild, Wolves, and Twins before asking sports economist @wagesofwins, a Lions fan, what's wrong with his franchise.

#MNTwins #skol #mnwild 

https://t.co/WCx6k0YWpB"
"AND THE #MNTwins HAVE WON THE CENTRAL
Game 163, 2009 ‚ù§Ô∏èüíô https://t.co/33O2wofjFS https://t.co/uUDFdR4Dqp"
"""They‚Äôll still need to open a couple more spots to accommodate a 60-day IL group that includes Kenta Maeda, Taylor Rogers, Alex Kirilloff, Cody Stashak, Devin Smeltzer, Randy Dobnak, Kyle Garlick and Lewis Thorpe.""

#MNTwins Outright Six Players https://t.co/VQNrbVy4Tw"
"‚öæÔ∏è @JovaniPG is nominated for RP Prospect of the Year!
VOTE TODAY‚¨ÜÔ∏è #Twins #MNTwins¬† @Twins @TwinkieTown @PuckettsPond @twinsdaily @SethTweets @WindSurgeICT @StPaulSaints @TheVoiceBTV @MrTimGrubbs @DanHayesMLB @betsyhelfand @MillerStrib @dohyoungpark #POTY"
"THIS COULD BE US, BUT YOU PLAYING: Did Nelson Cruz's postseason HR yesterday make you dream about what could've been for the 2021 #MNTwins? üôÅüò¢üò≠ https://t.co/U7LH0eHoEP"
"So this was pretty cool! While he's back in the Staples area this weekend, I had the opportunity to talk to @dbremer_pxp on a whole bunch of stuff from his Staples High days to his favorite #MNTwins memories. Take a listen!

https://t.co/DWPm3D8axl"
The latest MN North Metro News plus! https://t.co/Rs7s6XMzJp Thanks to @entertain_mn #mnwx #mntwins
Michealson has advice for the Minnesota Twins about how they can improve in the 2022 season. Read this and other columns at https://t.co/dHdFwbH9oE. https://t.co/qpANlWiCAE
"Look what I found on @eBay! https://t.co/gW6Onfsg23 via @eBay Nice Rookie Card of Hall Of Famer Kirby Puckett Minnesota Twins, 1985 Topps #536, 4  sharp looking corners, good color and  centering, NM+
I combine shipping on more than 1 card bought"
"UNDEFEATED X NE X MLB - MINNESOTA TWINS 59FIFTY now available from UNDEFEATED

#newdrop #undefeated #mlb #minnesotatwins #twins #mntwins #minneapolis #minnesota #ne #59fifty #hatcrawler #neweracap #fitted #hatgame #hatcollector

https://t.co/XMtTSKtSkj"
Who do YOU think is the most improved player on the 2021 Twins? https://t.co/zUzk781VfJ
"Kaat was inducted into the Minnesota Twins Hall of Fame in 2001.  

This is just weeks after former Twin and MLB Hall of Famer Jack Morris was suspended by the Detroit Tigers for racist remarks regarding Shohei Ohtani. https://t.co/PkMUEVR5ex"
"https://t.co/sqiwnfTdnT MLB: ""Cero retiro por el momento para Nelson Cruz"" https://t.co/Frursbb7wn"
this area was known as the mafia and for those of you who were unaware the head of the mafia was Donald Trump however it was Trevor Plouffe of the Minnesota twins who had no family to speak of and who had been Don Trump until he was kidnapped
"""The Minnesota Twins will have a little influence on the outcome of this game.""

Bro WHAT"
"A sus 41 a√±os de edad Nelson Cruz se ha mantenido productivo con su bate y se encuentra en medio de una postemporada que puede ser hist√≥rica para los Rays

#MLBxESPN ‚öæ
#PostemporadaESPN

https://t.co/B7XVUMKGMq"
Check out 1999 Fleer Tradition Minnesota Twins Ron Coomer Trading Card #MinnesotaTwins https://t.co/9Gj9B2YYWv via @eBay #MakeItMajor #MLB #MLBTheShow #TheHobby #worldseries #MLBPostseason #ALWildCard #NLWildCard
"Previously, the 1987 Minnesota Twins finished their year 85-77, beofre going on to defeat that year's St. Louis Cardinals in the World Series."
New Era 59Fifty Hat Club Minnesota Twins 7 1/4 Moon Rock Black Grey UV https://t.co/OfAijvpr2t eBay https://t.co/hOg3CtKENG
"Just a reminder that the 2021 Minnesota Twins took 3 of 4 in Houston with McCullers, Valdez, and Greinke on the mound this August."
Jorge Polanco was a beacon of light in a dark season for the Minnesota Twins. Read why we selected his as our Most Improved Player of the Year! https://t.co/zUzk781VfJ
"After 20 long months, the Capital Club returns to in-person meetings beginning on Wednesday, October 13th with two outstanding guest speakers.¬†Tom Kelly, manager of the 1991 World Series Champion Minnesota Twins, and legendary Twins 1st baseman Kent Hrbek‚Ä¶https://t.co/3tWcS55Zbl"
Check out  MITCH GARVER Minnesota Twins 2021 Topps Series Two Card 470 Baseball Card    https://t.co/msPyuwe9rT via @eBay
Check out  2021 Topps Series Two  Card 553 Minnesota Twins Team Baseball Card    https://t.co/fw9kk3LYp4 via @eBay
Check out Minnesota Twins 1987 Homer Hanky Sports Decor Vintage Memorabilia Star Tribune https://t.co/7WloBc5zav ‚Å¶@eBay‚Å© #sportsmemorabila #startribune #vintagefinds #ebayvintage
1987 Minnesota Twins(I have a ton of family in MN) I told everyone I was going to marry Kirby Puckettw when I grew up.  Honestly first basball games I ever remember watching at all. https://t.co/SbJgu793XQ
"NEW at Twins Daily: The offseason is upon us, who will the Twins deal this winter? 
‚úçÔ∏è: @tlschwerz https://t.co/BxUO0Nxq7K"
"The #MNTwins are likely going to deal major league assets this offseason.

So, who‚Äôs expendable? I dove in a @twinsdaily:

https://t.co/V2iD9UOv43 @IBWAA https://t.co/AiVXTA5bwK"
"ICYMI: The Twins made some adjustments to their coaching staff. How will this shake things up? 
https://t.co/oO3J2TYpT2"
"The Minnesota Twins won the first game of the 1991 ALCS series 5 to 4.  Jack Morris picked up the win, with Rick Aguilera picking up the save.

1991 ALCS, Game 1: Blue Jays @ Twins https://t.co/wlDHpbiPZ4 via @YouTube"
"On this Day in 1991 the ALCS series began between the  Minnesota Twins and the Toronto Blue Jays.  The Twins defeated the favored Blue Jays, winning the Series four games to one.  

https://t.co/uq06aqfDWW"
"Brayden Point is reportedly looking to swap skates for cleats next season, may sign a minor league contract with the Minnesota Twins."
Happy 54th birthday to Ex Twin J.T. Bruett! He appeared in 73 games ‚Äò92-93 with the Twins. He hit .250 (24-96). He would hit .320 with the @StPaulSaints in 1996. He played for the @GopherBaseball and is currently employed by the University of Minnesota. https://t.co/Irwjtr6MCn
"Jorge Alcala may be one of the most underrated players on the Twins roster. What are your thoughts on him?
‚úçÔ∏è: @J_D_Cameron https://t.co/97a4ZWiohU"
Many were shocked and disappointed when they heard that Edwar Colina would lo longer be a Minnesota Twin. Is it a good move by the front office? https://t.co/6HGp0zHjcy
Hey students! The Minnesota Twins have opened applications for their 2022 internship program! They are looking for interns for various different fields. This is an awesome opportunity with an MLB team!! Visit https://t.co/vPbKgvyUeW to apply! https://t.co/LiFKdkQgqR
"Happy birthday to Albany St @ASUGoldenRams alum Malik Barrington! 

Malik currently plays for Twins, a Rk level team in the Minnesota Twins system."
"There were plenty of Jorge Polanco skeptics headed into the 2021 season. He proved them wrong. 
‚úçÔ∏è: @seehafer_  https://t.co/zUzk781VfJ"
"screw u twins daily
https://t.co/0syfTF5YjC https://t.co/U3TJ90xzCg"
"screw u star tribune
https://t.co/wtSkPwlsWx"
Big shout out to all my Dominicans in Jersey City. Every Dominican Uncle has a machete and a baseball bat (all of them played A Ball with the Minnesota Twins in the 80s).
1961 - The original Washington Senators move to Minnesota and are re-christened the Twins. Taking their place in DC are a new Senators squad that only lasted a decade. (6/12) https://t.co/QvNjw0W5yn
"The Twins have quite a few rookies on their squad. How do they stack up in regard to long-term value?
‚úçÔ∏è: @NoDakTwinsFan https://t.co/I0okopH1yB"
Check out 1990 Bowman Baseball MLB Minnesota Twins Gary Gaetti  #MinnesotaTwins https://t.co/Jk7u1iw1l8 via @eBay
‚àÄ MLB World Series Signed Baseballs ‚Äì 1989 Oakland A‚Äôs and 1991 Minnesota Twins https://t.co/rT4N6X4U1s ‚öæüèàüèÄüèí‚öΩ #CollectingAll #Sportscards #Memorabilia https://t.co/EJSGoU9bZL
"Would you be okay if the Twins traded Mitch Garver to the Marlins?

https://t.co/Jy5TVfnwDX"
Hitman 3 and the Minnesota Twins https://t.co/gR0aqmIaZ1
"Bob, 7/11, baseball weekly. Dylan's team? Minnesota Twins maybe? #BobDylan #WorldSeries https://t.co/eHvrqM0x7U"
"With the #WhiteSox facing elimination and the #MNTwins having gone down, does the Central have a Houston problem? #ForTheH 

My latest at @twinsdaily: https://t.co/OczQUnkr4S @IBWAA https://t.co/EUoeUwToz4"
Justin Morneau's Minnesota Twins HOF induction speech (Full video) https://t.co/XoxAKVk9CQ @Twins https://t.co/ghqX92xnVz
"On this Day in 1991 the Toronto Blue Jays the Minnesota Twins in the ALCS series. The winning pitcher was Juan Guzman, with Duane Ward picking up the save. The series was now tied at 1-1. https://t.co/Go6Cj6rNbg"
"#OTD 30 years ago, the Toronto Blue Jays beat the Minnesota Twins 5-2 at the Metrodome in Game 2 of the 1991 ALCS.

Juan Guzman allows two runs in 5 2/3 innings to pick up the win. Kelly Gruber and Joe Carter record two RBIs each.

#BlueJays https://t.co/cQhIoZl09l"
"2010:
At Yankee Stadium, the Twins drop Game 3 of the ALCS, 6-2, giving New York a series sweep. After being the first team to clinch a playoff berth, Minnesota exits the postseason without winning a game in the first round for the second straight year."
"THE CONTENDERS! This week‚Äôs nominee for the next @DGF_Schools nickname/mascot is the DGF Triplets. We can do one better than the Minnesota Twins, we are the DGF Triplets! More info, click below. https://t.co/sqkVPGPxZx"
The things I'd do for Max Muncy to be in a Minnesota Twins uniform....
Job Postings: Minnesota Twins¬†Fellowships https://t.co/MIEmij6ay4
"On this day in sports history October 9, the New York Yankees defeated the Minnesota Twins 3 Games to 1 in the 2004 ALDS to advance to the ALCS for the 2nd consecutive year in 2004. https://t.co/igerc8MDdy"
"#Twins fans or people who have visited their stadium. Where are the best places to sit? Where are the best places to sit for my money?
Are there any specific days that are best to go? Any tips I should know before/after purchasing? #Minnesota #Minneapolis #StPaul #baseball #mlb"
I‚Äôd like to extend my gratitude to Alex Scherff and the Minnesota Twins
Check out Minnesota Twins Red/White/Blue Trucker Style Baseball Cap Snapback #AmericanNeedle https://t.co/XP0UVaGNdh via @eBay
Michealson has advice for the Minnesota Twins about how they can improve in the 2022 season. Read this and other columns at https://t.co/dHdFwbH9oE. https://t.co/qpANlWiCAE
"Look what I found on @eBay! https://t.co/gW6Onfsg23 via @eBay Nice Rookie Card of Hall Of Famer Kirby Puckett Minnesota Twins, 1985 Topps #536, 4  sharp looking corners, good color and  centering, NM+
I combine shipping on more than 1 card bought"
"UNDEFEATED X NE X MLB - MINNESOTA TWINS 59FIFTY now available from UNDEFEATED

#newdrop #undefeated #mlb #minnesotatwins #twins #mntwins #minneapolis #minnesota #ne #59fifty #hatcrawler #neweracap #fitted #hatgame #hatcollector

https://t.co/XMtTSKtSkj"
Who do YOU think is the most improved player on the 2021 Twins? https://t.co/zUzk781VfJ
"Kaat was inducted into the Minnesota Twins Hall of Fame in 2001.  

This is just weeks after former Twin and MLB Hall of Famer Jack Morris was suspended by the Detroit Tigers for racist remarks regarding Shohei Ohtani. https://t.co/PkMUEVR5ex"
"https://t.co/sqiwnfTdnT MLB: ""Cero retiro por el momento para Nelson Cruz"" https://t.co/Frursbb7wn"
this area was known as the mafia and for those of you who were unaware the head of the mafia was Donald Trump however it was Trevor Plouffe of the Minnesota twins who had no family to speak of and who had been Don Trump until he was kidnapped
"""The Minnesota Twins will have a little influence on the outcome of this game.""

Bro WHAT"
"A sus 41 a√±os de edad Nelson Cruz se ha mantenido productivo con su bate y se encuentra en medio de una postemporada que puede ser hist√≥rica para los Rays

#MLBxESPN ‚öæ
#PostemporadaESPN

https://t.co/B7XVUMKGMq"
Check out 1999 Fleer Tradition Minnesota Twins Ron Coomer Trading Card #MinnesotaTwins https://t.co/9Gj9B2YYWv via @eBay #MakeItMajor #MLB #MLBTheShow #TheHobby #worldseries #MLBPostseason #ALWildCard #NLWildCard
"Previously, the 1987 Minnesota Twins finished their year 85-77, beofre going on to defeat that year's St. Louis Cardinals in the World Series."
New Era 59Fifty Hat Club Minnesota Twins 7 1/4 Moon Rock Black Grey UV https://t.co/OfAijvpr2t eBay https://t.co/hOg3CtKENG
"Just a reminder that the 2021 Minnesota Twins took 3 of 4 in Houston with McCullers, Valdez, and Greinke on the mound this August."
Jorge Polanco was a beacon of light in a dark season for the Minnesota Twins. Read why we selected his as our Most Improved Player of the Year! https://t.co/zUzk781VfJ
"After 20 long months, the Capital Club returns to in-person meetings beginning on Wednesday, October 13th with two outstanding guest speakers.¬†Tom Kelly, manager of the 1991 World Series Champion Minnesota Twins, and legendary Twins 1st baseman Kent Hrbek‚Ä¶https://t.co/3tWcS55Zbl"
Check out  MITCH GARVER Minnesota Twins 2021 Topps Series Two Card 470 Baseball Card    https://t.co/msPyuwe9rT via @eBay
Check out  2021 Topps Series Two  Card 553 Minnesota Twins Team Baseball Card    https://t.co/fw9kk3LYp4 via @eBay
Check out Minnesota Twins 1987 Homer Hanky Sports Decor Vintage Memorabilia Star Tribune https://t.co/7WloBc5zav ‚Å¶@eBay‚Å© #sportsmemorabila #startribune #vintagefinds #ebayvintage
1987 Minnesota Twins(I have a ton of family in MN) I told everyone I was going to marry Kirby Puckettw when I grew up.  Honestly first basball games I ever remember watching at all. https://t.co/SbJgu793XQ
"NEW at Twins Daily: The offseason is upon us, who will the Twins deal this winter? 
‚úçÔ∏è: @tlschwerz https://t.co/BxUO0Nxq7K"
"The #MNTwins are likely going to deal major league assets this offseason.

So, who‚Äôs expendable? I dove in a @twinsdaily:

https://t.co/V2iD9UOv43 @IBWAA https://t.co/AiVXTA5bwK"
"ICYMI: The Twins made some adjustments to their coaching staff. How will this shake things up? 
https://t.co/oO3J2TYpT2"
"The Minnesota Twins won the first game of the 1991 ALCS series 5 to 4.  Jack Morris picked up the win, with Rick Aguilera picking up the save.

1991 ALCS, Game 1: Blue Jays @ Twins https://t.co/wlDHpbiPZ4 via @YouTube"
"On this Day in 1991 the ALCS series began between the  Minnesota Twins and the Toronto Blue Jays.  The Twins defeated the favored Blue Jays, winning the Series four games to one.  

https://t.co/uq06aqfDWW"
"Brayden Point is reportedly looking to swap skates for cleats next season, may sign a minor league contract with the Minnesota Twins."
Happy 54th birthday to Ex Twin J.T. Bruett! He appeared in 73 games ‚Äò92-93 with the Twins. He hit .250 (24-96). He would hit .320 with the @StPaulSaints in 1996. He played for the @GopherBaseball and is currently employed by the University of Minnesota. https://t.co/Irwjtr6MCn
